{
  "prepare_queue": {
    "installed": [],
    "uninstalled": []
  },
  "config_munge": {
    "files": {
      "res/xml/config.xml": {
        "parents": {
          "/*": [
            {
              "xml": "<feature name=\"CameraPreview\"><param name=\"android-package\" value=\"com.cordovaplugincamerapreview.CameraPreview\" /><param name=\"onload\" value=\"true\" /></feature>",
              "count": 1
            },
            {
              "xml": "<feature name=\"CDVOrientation\"><param name=\"android-package\" value=\"cordova.plugins.screenorientation.CDVOrientation\" /></feature>",
              "count": 1
            },
            {
              "xml": "<feature name=\"StatusBar\"><param name=\"android-package\" value=\"org.apache.cordova.statusbar.StatusBar\" /><param name=\"onload\" value=\"true\" /></feature>",
              "count": 1
            },
            {
              "xml": "<preference name=\"StatusBarOverlaysWebView\" value=\"true\" />",
              "count": 1
            }
          ]
        }
      },
      "AndroidManifest.xml": {
        "parents": {
          "/manifest": [
            {
              "xml": "<uses-feature android:name=\"android.hardware.camera\" android:required=\"false\" />",
              "count": 1
            },
            {
              "xml": "<uses-feature android:name=\"android.hardware.camera.autofocus\" android:required=\"false\" />",
              "count": 1
            },
            {
              "xml": "<uses-permission android:name=\"android.permission.CAMERA\" />",
              "count": 1
            },
            {
              "xml": "<uses-permission android:name=\"android.permission.RECORD_AUDIO\" />",
              "count": 1
            },
            {
              "xml": "<uses-permission android:name=\"android.permission.WRITE_EXTERNAL_STORAGE\" />",
              "count": 1
            },
            {
              "xml": "<uses-permission android:name=\"android.permission.READ_MEDIA_IMAGES\" />",
              "count": 1
            },
            {
              "xml": "<uses-permission android:name=\"android.permission.READ_MEDIA_VIDEO\" />",
              "count": 1
            }
          ],
          "/manifest/application": [
            {
              "xml": "<activity android:name=\"com.cordovaplugincamerapreview.CameraActivity\" android:screenOrientation=\"portrait\" android:theme=\"@style/CameraPreviewTheme\" />",
              "count": 1
            }
          ]
        }
      }
    }
  },
  "installed_plugins": {
    "cordova-plugin-camera-preview": {
      "PACKAGE_NAME": "com.ilibrary.www"
    },
    "es6-promise-plugin": {
      "PACKAGE_NAME": "com.ilibrary.www"
    },
    "cordova-plugin-screen-orientation": {
      "PACKAGE_NAME": "com.ilibrary.www"
    },
    "cordova-plugin-statusbar": {
      "PACKAGE_NAME": "com.ilibrary.www"
    }
  },
  "dependent_plugins": {},
  "modules": [
    {
      "id": "cordova-plugin-camera-preview.CameraPreview",
      "file": "plugins/cordova-plugin-camera-preview/www/CameraPreview.js",
      "pluginId": "cordova-plugin-camera-preview",
      "clobbers": [
        "CameraPreview"
      ]
    },
    {
      "id": "es6-promise-plugin.Promise",
      "file": "plugins/es6-promise-plugin/www/promise.js",
      "pluginId": "es6-promise-plugin",
      "runs": true
    },
    {
      "id": "cordova-plugin-screen-orientation.screenorientation",
      "file": "plugins/cordova-plugin-screen-orientation/www/screenorientation.js",
      "pluginId": "cordova-plugin-screen-orientation",
      "clobbers": [
        "cordova.plugins.screenorientation",
        "screen.orientation"
      ]
    },
    {
      "id": "cordova-plugin-statusbar.statusbar",
      "file": "plugins/cordova-plugin-statusbar/www/statusbar.js",
      "pluginId": "cordova-plugin-statusbar",
      "clobbers": [
        "window.StatusBar"
      ]
    }
  ],
  "plugin_metadata": {
    "cordova-plugin-camera-preview": "0.13.0",
    "es6-promise-plugin": "4.2.2",
    "cordova-plugin-screen-orientation": "3.0.4",
    "cordova-plugin-statusbar": "4.0.0"
  }
}
